who	pollster	est	lo	hi	dev
McCain	Behavior Research Center:Registered Voters	-0.040898040	-0.060806135	-0.0205365479	0.01030697
McCain	CNN:Likely Voters	 0.047580908	 0.015721294	 0.0765960375	0.01560751
McCain	GQR (D-Democracy Corps/Women's Voices Women Vote):Likely Voters	-0.001772935	-0.035925048	 0.0329552747	0.01753397
McCain	Gravis Marketing/OANN:Registered Voters	 0.028247388	 0.000608154	 0.0541130162	0.01368245
McCain	Merrill/WestGroup:Likely Voters	-0.019531639	-0.048978024	 0.0102912890	0.01487027
McCain	PPP (D-Americans United for Change/Constitutional Responsibility Project) :Likely Voters	-0.013869766	-0.042407242	 0.0141734914	0.01437599
McCain	PPP (D-MoveOn):Likely Voters	-0.020264432	-0.047563900	 0.0073250275	0.01412558
McCain	PPP (D):Likely Voters	-0.016558014	-0.040419493	 0.0072654378	0.01220740
McCain	Strategies 360:Likely Voters	 0.037066530	 0.006328377	 0.0688476765	0.01601102
Kirkpatrick	Behavior Research Center:Registered Voters	-0.024468578	-0.044996437	-0.0044817837	0.01041513
Kirkpatrick	CNN:Likely Voters	 0.003621554	-0.026746576	 0.0334384544	0.01527519
Kirkpatrick	GQR (D-Democracy Corps/Women's Voices Women Vote):Likely Voters	 0.014738779	-0.019590046	 0.0495564165	0.01765876
Kirkpatrick	Gravis Marketing/OANN:Registered Voters	-0.013522644	-0.041002281	 0.0172536362	0.01505525
Kirkpatrick	Merrill/WestGroup:Likely Voters	 0.006704967	-0.025384999	 0.0373644915	0.01608769
Kirkpatrick	PPP (D-Americans United for Change/Constitutional Responsibility Project) :Likely Voters	 0.009379435	-0.019314594	 0.0382015068	0.01476426
Kirkpatrick	PPP (D-MoveOn):Likely Voters	 0.029163501	 0.000684121	 0.0577030357	0.01440595
Kirkpatrick	PPP (D):Likely Voters	-0.017225005	-0.041177085	 0.0069489505	0.01219806
Kirkpatrick	Strategies 360:Likely Voters	-0.008392008	-0.040210019	 0.0233016724	0.01623843
Undecided	Behavior Research Center:Registered Voters	 0.069340309	 0.049161787	 0.0893254215	0.01022432
Undecided	CNN:Likely Voters	-0.073476466	-0.106359030	-0.0400105907	0.01683138
Undecided	GQR (D-Democracy Corps/Women's Voices Women Vote):Likely Voters	-0.036688013	-0.064381404	-0.0085159676	0.01419276
Undecided	Gravis Marketing/OANN:Registered Voters	-0.015435660	-0.046750720	 0.0156901913	0.01592259
Undecided	Merrill/WestGroup:Likely Voters	 0.008208078	-0.020057769	 0.0365105204	0.01437437
Undecided	PPP (D-Americans United for Change/Constitutional Responsibility Project) :Likely Voters	 0.029489065	 0.002490665	 0.0562604992	0.01354025
Undecided	PPP (D-MoveOn):Likely Voters	 0.002204638	-0.022532528	 0.0275383623	0.01278152
Undecided	PPP (D):Likely Voters	 0.054540036	 0.028722836	 0.0801478698	0.01324672
Undecided	Strategies 360:Likely Voters	-0.038181986	-0.069164338	-0.0077346787	0.01554903
Kirkpatrick minus McCain	Behavior Research Center:Registered Voters	 0.010383660	-0.021445417	 0.0412770750	0.01599574
Kirkpatrick minus McCain	CNN:Likely Voters	-0.022698354	-0.061863554	 0.0159186996	0.01975508
Kirkpatrick minus McCain	GQR (D-Democracy Corps/Women's Voices Women Vote):Likely Voters	 0.009702719	-0.032217400	 0.0520022491	0.02154752
Kirkpatrick minus McCain	Gravis Marketing/OANN:Registered Voters	-0.033859381	-0.068191308	 0.0015539492	0.01768554
Kirkpatrick minus McCain	Merrill/WestGroup:Likely Voters	 0.016343664	-0.021978282	 0.0537864438	0.01936875
Kirkpatrick minus McCain	PPP (D-Americans United for Change/Constitutional Responsibility Project) :Likely Voters	 0.014626621	-0.022975252	 0.0524294792	0.01924759
Kirkpatrick minus McCain	PPP (D-MoveOn):Likely Voters	 0.028823014	-0.008259318	 0.0662838514	0.01906991
Kirkpatrick minus McCain	PPP (D):Likely Voters	-0.001982819	-0.034581977	 0.0309965146	0.01668528
Kirkpatrick minus McCain	Strategies 360:Likely Voters	-0.021339124	-0.061823023	 0.0177390542	0.02022507
Glenn	FOX:Registered Voters	-0.008721002	-0.035868898	 0.0191204443	0.01398438
Glenn	Harper (R):Likely Voters	 0.014586970	-0.013702816	 0.0428950197	0.01454635
Glenn	Monmouth University:Likely Voters	-0.012688085	-0.042723912	 0.0169777785	0.01527161
Glenn	NBC/WSJ/Marist:Registered Voters	 0.003758526	-0.018104843	 0.0252659751	0.01097406
Glenn	Quinnipiac:Likely Voters	 0.003063592	-0.022817036	 0.0292657174	0.01314722
Bennet	FOX:Registered Voters	 0.001827222	-0.025325499	 0.0302422733	0.01419162
Bennet	Harper (R):Likely Voters	-0.025676241	-0.054864850	 0.0033491500	0.01469701
Bennet	Monmouth University:Likely Voters	-0.013227486	-0.043428530	 0.0170292510	0.01530392
Bennet	NBC/WSJ/Marist:Registered Voters	 0.017427908	-0.004396498	 0.0392229157	0.01112818
Bennet	Quinnipiac:Likely Voters	 0.019648596	-0.007337705	 0.0459090931	0.01365941
Other	FOX:Registered Voters	-0.006110800	-0.018545950	 0.0063814533	0.00637055
Other	Harper (R):Likely Voters	-0.011376734	-0.051738823	 0.0291272102	0.02065345
Other	Monmouth University:Likely Voters	 0.026854995	 0.008019264	 0.0456380261	0.00952619
Other	NBC/WSJ/Marist:Registered Voters	 0.004623559	-0.007856507	 0.0165646210	0.00620037
Other	Quinnipiac:Likely Voters	-0.013991020	-0.025988712	-0.0017029805	0.00611299
Undecided	FOX:Registered Voters	 0.012630797	-0.007978796	 0.0332849364	0.01047215
Undecided	Harper (R):Likely Voters	 0.026092875	 0.003736459	 0.0485098271	0.01143420
Undecided	Monmouth University:Likely Voters	 0.011564280	-0.012003744	 0.0344707682	0.01184826
Undecided	NBC/WSJ/Marist:Registered Voters	-0.031193407	-0.045382530	-0.0170810344	0.00720596
Undecided	Quinnipiac:Likely Voters	-0.019094544	-0.037297703	-0.0004758445	0.00939136
Bennet minus Glenn	FOX:Registered Voters	 0.005110935	-0.030919746	 0.0410396880	0.01849475
Bennet minus Glenn	Harper (R):Likely Voters	-0.019919993	-0.056764225	 0.0168735532	0.01875595
Bennet minus Glenn	Monmouth University:Likely Voters	-0.001150362	-0.038744952	 0.0364309400	0.01927240
Bennet minus Glenn	NBC/WSJ/Marist:Registered Voters	 0.007553038	-0.023869580	 0.0394100669	0.01626383
Bennet minus Glenn	Quinnipiac:Likely Voters	 0.008406382	-0.025980374	 0.0442769192	0.01804543
Grassley	CBS/YouGov:Likely Voters	-0.031695525	-0.052833588	-0.0105518030	0.01076116
Grassley	Loras College:Likely Voters	-0.016623164	-0.045548638	 0.0125262794	0.01480172
Grassley	Monmouth University:Likely Voters	 0.014851866	-0.017025394	 0.0464776541	0.01624957
Grassley	NBC/WSJ/Marist:Registered Voters	 0.025882397	 0.004419086	 0.0475215027	0.01098364
Grassley	PPP (D-Americans United for Change/Constitutional Responsibility Project) :Likely Voters	-0.018167200	-0.044392201	 0.0080502773	0.01338850
Grassley	PPP (D-Constitutional Responsibility Project):Likely Voters	-0.004140209	-0.033326962	 0.0254324668	0.01507690
Grassley	Quinnipiac:Likely Voters	 0.013576441	-0.013337808	 0.0405436791	0.01371069
Grassley	Suffolk:Likely Voters	 0.016315394	-0.014092207	 0.0474522205	0.01573220
Judge	CBS/YouGov:Likely Voters	-0.030427261	-0.051742717	-0.0098095364	0.01066030
Judge	Loras College:Likely Voters	 0.023277693	-0.005717202	 0.0521951817	0.01485568
Judge	Monmouth University:Likely Voters	 0.004908799	-0.026410431	 0.0361546135	0.01607520
Judge	NBC/WSJ/Marist:Registered Voters	 0.006987838	-0.014354146	 0.0282721706	0.01082363
Judge	PPP (D-Americans United for Change/Constitutional Responsibility Project) :Likely Voters	-0.014952821	-0.040611410	 0.0107039411	0.01323872
Judge	PPP (D-Constitutional Responsibility Project):Likely Voters	-0.000713830	-0.030182513	 0.0285134488	0.01487894
Judge	Quinnipiac:Likely Voters	 0.005741512	-0.021047344	 0.0323859066	0.01357512
Judge	Suffolk:Likely Voters	 0.005178070	-0.025122502	 0.0352380969	0.01545558
Other	CBS/YouGov:Likely Voters	-0.004998081	-0.019694626	 0.0099026502	0.00754032
Other	Loras College:Likely Voters	 0.006694231	-0.038107215	 0.0504841906	0.02251366
Other	Monmouth University:Likely Voters	 0.006441182	-0.037783745	 0.0504352873	0.02257910
Other	NBC/WSJ/Marist:Registered Voters	-0.008388969	-0.022715022	 0.0064446161	0.00746619
Other	PPP (D-Americans United for Change/Constitutional Responsibility Project) :Likely Voters	 0.005925333	-0.038382861	 0.0513580132	0.02287443
Other	PPP (D-Constitutional Responsibility Project):Likely Voters	 0.006353036	-0.037771834	 0.0506454813	0.02273051
Other	Quinnipiac:Likely Voters	-0.018528463	-0.032659969	-0.0042323617	0.00721338
Other	Suffolk:Likely Voters	 0.006501731	-0.037663851	 0.0521586068	0.02290575
Undecided	CBS/YouGov:Likely Voters	 0.058858956	 0.043454296	 0.0744413543	0.00800348
Undecided	Loras College:Likely Voters	 0.004925248	-0.016049372	 0.0262802838	0.01075827
Undecided	Monmouth University:Likely Voters	-0.025410076	-0.045856439	-0.0050866110	0.01033508
Undecided	NBC/WSJ/Marist:Registered Voters	-0.038488243	-0.049968694	-0.0264924082	0.00601727
Undecided	PPP (D-Americans United for Change/Constitutional Responsibility Project) :Likely Voters	 0.037411512	 0.016449458	 0.0576585194	0.01054696
Undecided	PPP (D-Constitutional Responsibility Project):Likely Voters	 0.012116300	-0.010632092	 0.0346132724	0.01159932
Undecided	Quinnipiac:Likely Voters	-0.025584501	-0.042096813	-0.0081842931	0.00864230
Undecided	Suffolk:Likely Voters	-0.023829195	-0.043150675	-0.0035880584	0.00994833
Judge minus Grassley	CBS/YouGov:Likely Voters	 0.001091679	-0.030284697	 0.0320006448	0.01589303
Judge minus Grassley	Loras College:Likely Voters	 0.019958813	-0.018364922	 0.0585993332	0.01962730
Judge minus Grassley	Monmouth University:Likely Voters	-0.004229741	-0.044318465	 0.0354732465	0.02053458
Judge minus Grassley	NBC/WSJ/Marist:Registered Voters	-0.012500278	-0.044162316	 0.0192686942	0.01641953
Judge minus Grassley	PPP (D-Americans United for Change/Constitutional Responsibility Project) :Likely Voters	 0.002892215	-0.032602753	 0.0393514412	0.01835794
Judge minus Grassley	PPP (D-Constitutional Responsibility Project):Likely Voters	 0.002436988	-0.035796067	 0.0408220994	0.01956372
Judge minus Grassley	Quinnipiac:Likely Voters	-0.004609019	-0.041313056	 0.0324610824	0.01888065
Judge minus Grassley	Suffolk:Likely Voters	-0.005040656	-0.044049964	 0.0339859577	0.01999093
Blunt	DFM Research (D-United Transportation Union):Likely Voters	 0.022739569	-0.005443521	 0.0502478524	0.01424235
Blunt	Mason-Dixon:Likely Voters	 0.010680786	-0.017507295	 0.0389049351	0.01441676
Blunt	Monmouth University:Likely Voters	 0.014226369	-0.018005458	 0.0459902986	0.01618234
Blunt	PPP (D):Likely Voters	-0.037561008	-0.060926281	-0.0131967951	0.01216548
Blunt	Remington Research Group (R)/Missouri Scout:Likely Voters	-0.010085716	-0.036833140	 0.0167131037	0.01360878
Kander	DFM Research (D-United Transportation Union):Likely Voters	-0.020065665	-0.047675315	 0.0078535915	0.01419550
Kander	Mason-Dixon:Likely Voters	 0.024416104	-0.004236946	 0.0520485514	0.01437611
Kander	Monmouth University:Likely Voters	 0.021292146	-0.010196772	 0.0523224950	0.01597629
Kander	PPP (D):Likely Voters	-0.017252790	-0.040341512	 0.0059791668	0.01193158
Kander	Remington Research Group (R)/Missouri Scout:Likely Voters	-0.008389796	-0.033820867	 0.0184304939	0.01347496
Other	DFM Research (D-United Transportation Union):Likely Voters	-0.011238620	-0.044065249	 0.0196859138	0.01669826
Other	Mason-Dixon:Likely Voters	 0.004852044	-0.039560925	 0.0488438247	0.02271946
Other	Monmouth University:Likely Voters	-0.002253037	-0.034621863	 0.0273916546	0.01604291
Other	PPP (D):Likely Voters	 0.004340595	-0.039164355	 0.0489256642	0.02263884
Other	Remington Research Group (R)/Missouri Scout:Likely Voters	 0.004299018	-0.039874835	 0.0485323981	0.02249786
Undecided	DFM Research (D-United Transportation Union):Likely Voters	-0.017259747	-0.045341253	 0.0092812544	0.01398820
Undecided	Mason-Dixon:Likely Voters	-0.024165967	-0.048147059	 0.0004314580	0.01229910
Undecided	Monmouth University:Likely Voters	-0.038145860	-0.066401623	-0.0091581904	0.01462338
Undecided	PPP (D):Likely Voters	 0.057355455	 0.035022642	 0.0797455627	0.01138755
Undecided	Remington Research Group (R)/Missouri Scout:Likely Voters	 0.022216120	-0.004413554	 0.0479279583	0.01356018
Kander minus Blunt	DFM Research (D-United Transportation Union):Likely Voters	-0.022149394	-0.057573677	 0.0141851868	0.01828637
Kander minus Blunt	Mason-Dixon:Likely Voters	 0.013580374	-0.024085608	 0.0529042355	0.01965739
Kander minus Blunt	Monmouth University:Likely Voters	 0.014459461	-0.026675672	 0.0570378746	0.02141696
Kander minus Blunt	PPP (D):Likely Voters	-0.002473446	-0.048198716	 0.0342071066	0.02083712
Kander minus Blunt	Remington Research Group (R)/Missouri Scout:Likely Voters	-0.003416995	-0.039018758	 0.0315104085	0.01787588
Burr	Civitas (R):Likely Voters	-0.029634907	-0.059498843	 0.0002609095	0.01533371
Burr	CNN:Likely Voters	 0.041675490	 0.011947617	 0.0708861868	0.01515309
Burr	Elon:Registered Voters	-0.031108114	-0.060191719	-0.0016927261	0.01509455
Burr	GQR (D-Democracy Corps/Women's Voices Women Vote):Likely Voters	-0.027019355	-0.061071316	 0.0071101418	0.01759550
Burr	Monmouth University:Likely Voters	 0.006745334	-0.027188327	 0.0399706802	0.01702178
Burr	NBC/WSJ/Marist:Registered Voters	 0.022362069	-0.001236423	 0.0457565028	0.01199571
Burr	PPP (D):Likely Voters	-0.019957046	-0.035313307	-0.0040859110	0.00796092
Burr	SurveyUSA/High Point University:Likely Voters	 0.034012869	 0.009130821	 0.0590232134	0.01274641
Burr	SurveyUSA/TWC News North Carolina:Likely Voters	 0.002923661	-0.022652031	 0.0287273807	0.01325332
Ross	Civitas (R):Likely Voters	-0.019547481	-0.048542499	 0.0106867273	0.01522028
Ross	CNN:Likely Voters	 0.027786548	-0.002498442	 0.0575265666	0.01535823
Ross	Elon:Registered Voters	-0.031870100	-0.060348962	-0.0023299922	0.01492730
Ross	GQR (D-Democracy Corps/Women's Voices Women Vote):Likely Voters	-0.004978223	-0.039641186	 0.0285657340	0.01746367
Ross	Monmouth University:Likely Voters	 0.011348704	-0.022905188	 0.0457074073	0.01743206
Ross	NBC/WSJ/Marist:Registered Voters	 0.028605630	 0.005485272	 0.0517065186	0.01179922
Ross	PPP (D):Likely Voters	-0.024510316	-0.039301988	-0.0092636537	0.00781226
Ross	SurveyUSA/High Point University:Likely Voters	 0.022345790	-0.001826308	 0.0471699776	0.01238804
Ross	SurveyUSA/TWC News North Carolina:Likely Voters	-0.009180551	-0.034615899	 0.0163550512	0.01302922
Haugh	Civitas (R):Likely Voters	-0.003529816	-0.034463542	 0.0278550701	0.01594323
Haugh	CNN:Likely Voters	 0.000811577	-0.046103611	 0.0478302987	0.02380875
Haugh	Elon:Registered Voters	 0.000558638	-0.045584903	 0.0460839816	0.02357146
Haugh	GQR (D-Democracy Corps/Women's Voices Women Vote):Likely Voters	 0.001010651	-0.044797896	 0.0480175373	0.02376164
Haugh	Monmouth University:Likely Voters	-0.005315740	-0.034716452	 0.0244425798	0.01524280
Haugh	NBC/WSJ/Marist:Registered Voters	 0.000674972	-0.045965391	 0.0457938274	0.02332148
Haugh	PPP (D):Likely Voters	 0.004901764	-0.024635419	 0.0339258635	0.01480194
Haugh	SurveyUSA/High Point University:Likely Voters	 0.000494389	-0.046323983	 0.0474607166	0.02392598
Haugh	SurveyUSA/TWC News North Carolina:Likely Voters	 0.000393564	-0.046160082	 0.0468696893	0.02367513
Other	Civitas (R):Likely Voters	 0.000685017	-0.044779287	 0.0477538077	0.02349361
Other	CNN:Likely Voters	-0.015656938	-0.042540052	 0.0128029415	0.01403273
Other	Elon:Registered Voters	 0.073621625	 0.037354080	 0.1092630602	0.01846630
Other	GQR (D-Democracy Corps/Women's Voices Women Vote):Likely Voters	-0.034929097	-0.058038377	-0.0106713342	0.01214260
Other	Monmouth University:Likely Voters	 0.000870775	-0.044358011	 0.0467808945	0.02347370
Other	NBC/WSJ/Marist:Registered Voters	-0.027804009	-0.051027213	-0.0034769029	0.01236730
Other	PPP (D):Likely Voters	 0.000808789	-0.046468024	 0.0470193728	0.02358775
Other	SurveyUSA/High Point University:Likely Voters	 0.000955435	-0.045513646	 0.0466246266	0.02355764
Other	SurveyUSA/TWC News North Carolina:Likely Voters	 0.001448404	-0.044211459	 0.0470070344	0.02328847
Undecided	Civitas (R):Likely Voters	 0.052783399	 0.025747416	 0.0803170514	0.01379545
Undecided	CNN:Likely Voters	-0.070306796	-0.090440729	-0.0493971111	0.01035582
Undecided	Elon:Registered Voters	-0.024465531	-0.047751779	-0.0010596322	0.01206161
Undecided	GQR (D-Democracy Corps/Women's Voices Women Vote):Likely Voters	 0.055314085	 0.022370446	 0.0875819350	0.01665814
Undecided	Monmouth University:Likely Voters	-0.018313257	-0.044043780	 0.0071417567	0.01307655
Undecided	NBC/WSJ/Marist:Registered Voters	-0.024365208	-0.042514712	-0.0071866282	0.00889035
Undecided	PPP (D):Likely Voters	 0.040128488	 0.027600514	 0.0523565360	0.00627371
Undecided	SurveyUSA/High Point University:Likely Voters	-0.030125456	-0.050322360	-0.0092366619	0.01040274
Undecided	SurveyUSA/TWC News North Carolina:Likely Voters	 0.019350276	-0.003085504	 0.0415884382	0.01132450
Ross minus Burr	Civitas (R):Likely Voters	 0.007751491	-0.029265305	 0.0451699968	0.01923460
Ross minus Burr	CNN:Likely Voters	-0.005741808	-0.044238425	 0.0327907834	0.01958437
Ross minus Burr	Elon:Registered Voters	 0.002338077	-0.034819300	 0.0390568786	0.01907030
Ross minus Burr	GQR (D-Democracy Corps/Women's Voices Women Vote):Likely Voters	 0.012394064	-0.028715166	 0.0531380347	0.02112865
Ross minus Burr	Monmouth University:Likely Voters	 0.003969496	-0.037207666	 0.0453340165	0.02092277
Ross minus Burr	NBC/WSJ/Marist:Registered Voters	 0.004668312	-0.028078810	 0.0372056960	0.01678307
Ross minus Burr	PPP (D):Likely Voters	-0.007472744	-0.033512437	 0.0205723726	0.01385510
Ross minus Burr	SurveyUSA/High Point University:Likely Voters	-0.008301038	-0.041579437	 0.0253801663	0.01715449
Ross minus Burr	SurveyUSA/TWC News North Carolina:Likely Voters	-0.009605849	-0.044304281	 0.0249654177	0.01783969
Ayotte	ARG:Registered Voters	 0.034073954	 0.008159246	 0.0598684197	0.01311693
Ayotte	CBS/YouGov:Likely Voters	-0.023216691	-0.050857256	 0.0055595425	0.01448140
Ayotte	Dartmouth:Registered Voters	-0.056677019	-0.084568611	-0.0292839902	0.01408698
Ayotte	Franklin Pierce/RKM/Boston Herald:Likely Voters	 0.014652982	-0.019169002	 0.0481456488	0.01727961
Ayotte	Global Strategy Group (D-Americans for Responsible Solutions PAC):Likely Voters	-0.007217173	-0.035531928	 0.0210296748	0.01445417
Ayotte	GQR (D-Democracy Corps/Women's Voices Women Vote):Likely Voters	 0.003883407	-0.031621144	 0.0397488555	0.01809237
Ayotte	Gravis Marketing:Registered Voters	 0.038425487	 0.009432920	 0.0667281201	0.01461438
Ayotte	Gravis Marketing/Howie Carr:Likely Voters	 0.005918606	-0.020555328	 0.0325418682	0.01350648
Ayotte	Gravis Marketing/OANN:Registered Voters	 0.022265166	-0.004872161	 0.0491879065	0.01362754
Ayotte	Gravis Marketing/TownHall.com:Likely Voters	 0.025590882	-0.001718182	 0.0518123813	0.01361791
Ayotte	InsideSources/NH Journal:Registered Voters	 0.032830212	 0.006314855	 0.0595993710	0.01342127
Ayotte	MassINC/WBUR:Likely Voters	-0.015544447	-0.041502182	 0.0107435737	0.01330668
Ayotte	NBC/Marist:Registered Voters	 0.005214596	-0.018045378	 0.0281529405	0.01182283
Ayotte	POS (R)/Human Rights First:Registered Voters	 0.000955944	-0.033860539	 0.0353582017	0.01752167
Ayotte	PPP (D-Americans United for Change/Constitutional Responsibility Project) :Likely Voters	-0.017512528	-0.049203777	 0.0136307049	0.01585666
Ayotte	PPP (D-MoveOn) :Likely Voters	-0.006308515	-0.036373101	 0.0236757312	0.01531759
Ayotte	PPP (D):Likely Voters	-0.026504845	-0.044133430	-0.0102091472	0.00874824
Ayotte	UNH/WMUR:Adults	-0.009422449	-0.040233035	 0.0217847894	0.01592186
Ayotte	UNH/WMUR:Likely Voters	-0.012792883	-0.031815491	 0.0060031385	0.00963710
Ayotte	Vox Populi (R-ESA Fund):Registered Voters	-0.008614685	-0.037922714	 0.0215714959	0.01515275
Hassan	ARG:Registered Voters	-0.014451466	-0.039921993	 0.0106990693	0.01297800
Hassan	CBS/YouGov:Likely Voters	-0.013432028	-0.041491177	 0.0136690286	0.01413042
Hassan	Dartmouth:Registered Voters	-0.064641837	-0.091846376	-0.0370690191	0.01398687
Hassan	Franklin Pierce/RKM/Boston Herald:Likely Voters	 0.016521570	-0.017213147	 0.0505355629	0.01720684
Hassan	Global Strategy Group (D-Americans for Responsible Solutions PAC):Likely Voters	 0.020703460	-0.008007225	 0.0492281276	0.01447048
Hassan	GQR (D-Democracy Corps/Women's Voices Women Vote):Likely Voters	 0.014036852	-0.021565037	 0.0502567150	0.01839022
Hassan	Gravis Marketing:Registered Voters	-0.007075848	-0.034226589	 0.0205488477	0.01410203
Hassan	Gravis Marketing/Howie Carr:Likely Voters	 0.006646490	-0.020407230	 0.0334228497	0.01381632
Hassan	Gravis Marketing/OANN:Registered Voters	-0.006483112	-0.033586002	 0.0222551117	0.01413041
Hassan	Gravis Marketing/TownHall.com:Likely Voters	-0.004374678	-0.031055511	 0.0227849192	0.01359694
Hassan	InsideSources/NH Journal:Registered Voters	-0.021791649	-0.047683234	 0.0043046460	0.01328457
Hassan	MassINC/WBUR:Likely Voters	 0.038593511	 0.012547640	 0.0645815924	0.01320120
Hassan	NBC/Marist:Registered Voters	 0.009434242	-0.013777511	 0.0326439730	0.01179506
Hassan	POS (R)/Human Rights First:Registered Voters	-0.001365059	-0.035584116	 0.0328429896	0.01760948
Hassan	PPP (D-Americans United for Change/Constitutional Responsibility Project) :Likely Voters	 0.001312991	-0.029719834	 0.0319965595	0.01571325
Hassan	PPP (D-MoveOn) :Likely Voters	 0.019183981	-0.011415790	 0.0489838555	0.01544998
Hassan	PPP (D):Likely Voters	 0.003326978	-0.013688263	 0.0232247169	0.00935603
Hassan	UNH/WMUR:Adults	-0.001839390	-0.033087697	 0.0296708604	0.01605375
Hassan	UNH/WMUR:Likely Voters	-0.008710570	-0.027454337	 0.0110564564	0.00980514
Hassan	Vox Populi (R-ESA Fund):Registered Voters	 0.014405563	-0.013816077	 0.0433956213	0.01469436
Other	ARG:Registered Voters	 0.002852647	-0.044368214	 0.0507475049	0.02441596
Other	CBS/YouGov:Likely Voters	 0.002345487	-0.046425551	 0.0497752087	0.02442550
Other	Dartmouth:Registered Voters	 0.002580085	-0.045058621	 0.0500930136	0.02410125
Other	Franklin Pierce/RKM/Boston Herald:Likely Voters	 0.002952645	-0.044339099	 0.0496946148	0.02406236
Other	Global Strategy Group (D-Americans for Responsible Solutions PAC):Likely Voters	 0.002465938	-0.045492031	 0.0502050376	0.02437102
Other	GQR (D-Democracy Corps/Women's Voices Women Vote):Likely Voters	-0.023994842	-0.053239631	 0.0026176090	0.01440636
Other	Gravis Marketing:Registered Voters	 0.003016433	-0.045159623	 0.0511305859	0.02450437
Other	Gravis Marketing/Howie Carr:Likely Voters	 0.002242708	-0.045605332	 0.0499002101	0.02442949
Other	Gravis Marketing/OANN:Registered Voters	 0.002741692	-0.045861092	 0.0501807756	0.02446107
Other	Gravis Marketing/TownHall.com:Likely Voters	 0.002723153	-0.044948208	 0.0496026643	0.02428972
Other	InsideSources/NH Journal:Registered Voters	 0.002553982	-0.045027412	 0.0496231623	0.02422941
Other	MassINC/WBUR:Likely Voters	-0.016994467	-0.049408911	 0.0080115611	0.01437126
Other	NBC/Marist:Registered Voters	 0.002720694	-0.044816816	 0.0505802240	0.02443981
Other	POS (R)/Human Rights First:Registered Voters	 0.002766797	-0.044254070	 0.0508558500	0.02431936
Other	PPP (D-Americans United for Change/Constitutional Responsibility Project) :Likely Voters	 0.003025925	-0.044359972	 0.0510128099	0.02433014
Other	PPP (D-MoveOn) :Likely Voters	 0.002924250	-0.045856370	 0.0507575910	0.02440166
Other	PPP (D):Likely Voters	 0.003093518	-0.045823575	 0.0513311995	0.02469912
Other	UNH/WMUR:Adults	 0.002549509	-0.045276678	 0.0502618732	0.02426828
Other	UNH/WMUR:Likely Voters	-0.005337854	-0.040664925	 0.0169289329	0.01457603
Other	Vox Populi (R-ESA Fund):Registered Voters	 0.002771700	-0.044900022	 0.0511581295	0.02455184
Undecided	ARG:Registered Voters	-0.017071806	-0.034672404	 0.0009290050	0.00899560
Undecided	CBS/YouGov:Likely Voters	 0.047587704	 0.020816790	 0.0723599395	0.01311050
Undecided	Dartmouth:Registered Voters	 0.138525696	 0.112278257	 0.1652239470	0.01371690
Undecided	Franklin Pierce/RKM/Boston Herald:Likely Voters	-0.028406779	-0.051906434	-0.0040121422	0.01242460
Undecided	Global Strategy Group (D-Americans for Responsible Solutions PAC):Likely Voters	-0.001414322	-0.049719635	 0.0461606961	0.02432178
Undecided	GQR (D-Democracy Corps/Women's Voices Women Vote):Likely Voters	-0.031727123	-0.055973443	-0.0069258184	0.01245627
Undecided	Gravis Marketing:Registered Voters	-0.039005700	-0.058975741	-0.0188659391	0.01028218
Undecided	Gravis Marketing/Howie Carr:Likely Voters	 0.001756724	-0.021297745	 0.0243705823	0.01138324
Undecided	Gravis Marketing/OANN:Registered Voters	-0.014636402	-0.038478334	 0.0085739451	0.01194131
Undecided	Gravis Marketing/TownHall.com:Likely Voters	-0.017835025	-0.038045057	 0.0030271603	0.01033261
Undecided	InsideSources/NH Journal:Registered Voters	-0.002731960	-0.023731340	 0.0180844845	0.01061585
Undecided	MassINC/WBUR:Likely Voters	-0.038304256	-0.055983566	-0.0203237232	0.00916846
Undecided	NBC/Marist:Registered Voters	-0.014480453	-0.033617891	 0.0048370320	0.00976890
Undecided	POS (R)/Human Rights First:Registered Voters	 0.005693154	-0.021764476	 0.0328488130	0.01396872
Undecided	PPP (D-Americans United for Change/Constitutional Responsibility Project) :Likely Voters	 0.042100275	 0.015524648	 0.0680398091	0.01345291
Undecided	PPP (D-MoveOn) :Likely Voters	-0.006029687	-0.029175820	 0.0178176013	0.01200903
Undecided	PPP (D):Likely Voters	 0.026319939	 0.010146700	 0.0418410113	0.00799885
Undecided	UNH/WMUR:Adults	-0.058344498	-0.079128271	-0.0357076540	0.01094013
Undecided	UNH/WMUR:Likely Voters	 0.008313549	-0.005422877	 0.0224146868	0.00714975
Undecided	Vox Populi (R-ESA Fund):Registered Voters	-0.000309029	-0.025082801	 0.0238489265	0.01254473
Hassan minus Ayotte	ARG:Registered Voters	-0.028327787	-0.065268658	 0.0086035224	0.01886281
Hassan minus Ayotte	CBS/YouGov:Likely Voters	 0.003451378	-0.034382130	 0.0419595126	0.01943794
Hassan minus Ayotte	Dartmouth:Registered Voters	-0.004036911	-0.041546039	 0.0337887900	0.01921770
Hassan minus Ayotte	Franklin Pierce/RKM/Boston Herald:Likely Voters	 0.000396912	-0.041460604	 0.0425531378	0.02150152
Hassan minus Ayotte	Global Strategy Group (D-Americans for Responsible Solutions PAC):Likely Voters	 0.013964579	-0.024714883	 0.0525846605	0.01979449
Hassan minus Ayotte	GQR (D-Democracy Corps/Women's Voices Women Vote):Likely Voters	 0.003117553	-0.039862111	 0.0464703261	0.02206934
Hassan minus Ayotte	Gravis Marketing:Registered Voters	-0.024557906	-0.062718505	 0.0136050233	0.01932275
Hassan minus Ayotte	Gravis Marketing/Howie Carr:Likely Voters	 0.001145384	-0.036402740	 0.0380856123	0.01902012
Hassan minus Ayotte	Gravis Marketing/OANN:Registered Voters	-0.014997561	-0.051689739	 0.0227840988	0.01911693
Hassan minus Ayotte	Gravis Marketing/TownHall.com:Likely Voters	-0.017304110	-0.054872525	 0.0197071113	0.01893953
Hassan minus Ayotte	InsideSources/NH Journal:Registered Voters	-0.034844898	-0.071713214	 0.0021933950	0.01876789
Hassan minus Ayotte	MassINC/WBUR:Likely Voters	 0.030780071	-0.006000628	 0.0671817868	0.01880624
Hassan minus Ayotte	NBC/Marist:Registered Voters	 0.004508649	-0.029838206	 0.0382836889	0.01732074
Hassan minus Ayotte	POS (R)/Human Rights First:Registered Voters	-0.000283514	-0.042952305	 0.0421566989	0.02148039
Hassan minus Ayotte	PPP (D-Americans United for Change/Constitutional Responsibility Project) :Likely Voters	 0.007764313	-0.033126271	 0.0476464683	0.02036188
Hassan minus Ayotte	PPP (D-MoveOn) :Likely Voters	 0.011947155	-0.028189546	 0.0526017962	0.02039137
Hassan minus Ayotte	PPP (D):Likely Voters	 0.027839101	 0.000953067	 0.0554026320	0.01379219
Hassan minus Ayotte	UNH/WMUR:Adults	 0.004389545	-0.035329946	 0.0458169537	0.02060601
Hassan minus Ayotte	UNH/WMUR:Likely Voters	 0.004572553	-0.025903656	 0.0343892634	0.01534447
Hassan minus Ayotte	Vox Populi (R-ESA Fund):Registered Voters	 0.010475492	-0.028515687	 0.0496924530	0.01997578
Heck	CBS/YouGov:Likely Voters	-0.023704867	-0.049146911	 0.0018020542	0.01309609
Heck	GQR (D-Democracy Corps/Women's Voices Women Vote):Likely Voters	 0.018073046	-0.015992874	 0.0518570838	0.01735590
Heck	Gravis Marketing:Registered Voters	 0.007380467	-0.019436020	 0.0327452445	0.01332151
Heck	Monmouth University:Likely Voters	 0.001801895	-0.029142897	 0.0333584122	0.01582680
Heck	Rasmussen/KTNV:Likely Voters	 0.019714102	-0.003377199	 0.0426753658	0.01182692
Heck	Suffolk:Likely Voters	-0.023264644	-0.053353642	 0.0070787706	0.01548596
Cortez	CBS/YouGov:Likely Voters	-0.030028710	-0.054868304	-0.0042731838	0.01286432
Cortez	GQR (D-Democracy Corps/Women's Voices Women Vote):Likely Voters	 0.004021767	-0.029278911	 0.0373734052	0.01689348
Cortez	Gravis Marketing:Registered Voters	 0.037346746	 0.007745488	 0.0639492580	0.01436827
Cortez	Monmouth University:Likely Voters	 0.002152545	-0.029146456	 0.0325440052	0.01578150
Cortez	Rasmussen/KTNV:Likely Voters	-0.001497232	-0.024887407	 0.0221485664	0.01185586
Cortez	Suffolk:Likely Voters	-0.011995117	-0.042635113	 0.0184549033	0.01549117
Other	CBS/YouGov:Likely Voters	-0.021272074	-0.041689006	-0.0055356549	0.00925061
Other	GQR (D-Democracy Corps/Women's Voices Women Vote):Likely Voters	-0.043120393	-0.059512638	-0.0178995301	0.01293035
Other	Gravis Marketing:Registered Voters	 0.057537448	 0.040881846	 0.0764073805	0.00897088
Other	Monmouth University:Likely Voters	-0.001226042	-0.020238931	 0.0191779584	0.01007721
Other	Rasmussen/KTNV:Likely Voters	-0.005295638	-0.021993050	 0.0079690453	0.00765347
Other	Suffolk:Likely Voters	 0.013376698	-0.012618809	 0.0361973749	0.01241864
Undecided	CBS/YouGov:Likely Voters	 0.056750006	 0.032719213	 0.0798912102	0.01213931
Undecided	GQR (D-Democracy Corps/Women's Voices Women Vote):Likely Voters	-0.013481872	-0.042268532	 0.0164501241	0.01493995
Undecided	Gravis Marketing:Registered Voters	 0.000655004	-0.044149001	 0.0454666294	0.02255391
Undecided	Monmouth University:Likely Voters	-0.015777273	-0.042571922	 0.0103297973	0.01346450
Undecided	Rasmussen/KTNV:Likely Voters	-0.036788470	-0.056242393	-0.0169019358	0.00998476
Undecided	Suffolk:Likely Voters	 0.008642605	-0.019341043	 0.0356705992	0.01388385
Cortez minus Heck	CBS/YouGov:Likely Voters	-0.004111819	-0.038728940	 0.0292409008	0.01724980
Cortez minus Heck	GQR (D-Democracy Corps/Women's Voices Women Vote):Likely Voters	-0.005711063	-0.045529167	 0.0350887132	0.02062029
Cortez minus Heck	Gravis Marketing:Registered Voters	 0.019678336	-0.014434844	 0.0535957826	0.01726682
Cortez minus Heck	Monmouth University:Likely Voters	-0.000420562	-0.039359810	 0.0387123820	0.01989879
Cortez minus Heck	Rasmussen/KTNV:Likely Voters	-0.015612340	-0.047840619	 0.0174208446	0.01675212
Cortez minus Heck	Suffolk:Likely Voters	 0.006177448	-0.030867038	 0.0440818695	0.01925603
Long	PPP (D):Likely Voters	-0.005365506	-0.022498080	 0.0117741066	0.00868582
Long	Quinnipiac:Registered Voters	 0.014342534	 0.000328722	 0.0285850974	0.00724987
Long	Siena:Registered Voters	-0.008977028	-0.024579696	 0.0054867170	0.00767620
Schumer	PPP (D):Likely Voters	-0.044220805	-0.062281243	-0.0256677570	0.00930242
Schumer	Quinnipiac:Registered Voters	 0.010483748	-0.005030696	 0.0259515438	0.00779146
Schumer	Siena:Registered Voters	 0.033737057	 0.017986182	 0.0493891461	0.00801869
Other	PPP (D):Likely Voters	 0.004113591	-0.033351999	 0.0413158133	0.01915622
Other	Quinnipiac:Registered Voters	-0.008975704	-0.042266607	 0.0210675704	0.01623971
Other	Siena:Registered Voters	 0.004862114	-0.033792350	 0.0426817574	0.01939493
Undecided	PPP (D):Likely Voters	 0.054389863	 0.038138756	 0.0706838893	0.00823273
Undecided	Quinnipiac:Registered Voters	-0.029144113	-0.041182815	-0.0167763259	0.00615803
Undecided	Siena:Registered Voters	-0.025245750	-0.037687382	-0.0123742173	0.00646382
Schumer minus Long	PPP (D):Likely Voters	-0.026458951	-0.052773552	-0.0011597199	0.01314594
Schumer minus Long	Quinnipiac:Registered Voters	-0.003893399	-0.026584296	 0.0189397444	0.01170800
Schumer minus Long	Siena:Registered Voters	 0.030352350	 0.007290658	 0.0535264842	0.01173385
Portman	Baldwin Wallace University:Likely Voters	 0.008644644	-0.019495683	 0.0372953667	0.01456334
Portman	CBS/YouGov:Likely Voters	-0.007593882	-0.029784779	 0.0139132514	0.01105859
Portman	GQR (D-Democracy Corps/Women's Voices Women Vote):Likely Voters	-0.014890997	-0.050723868	 0.0212290191	0.01823827
Portman	GQR (D)/Democracy Corps/WVWV/Voter Participation Center:Likely Voters	 0.019116495	-0.014606080	 0.0527001499	0.01741998
Portman	Harstad (D-Senate Majority PAC):Likely Voters	 0.000391534	-0.027758433	 0.0291165683	0.01455052
Portman	Monmouth University:Likely Voters	 0.016597007	-0.018393268	 0.0510661909	0.01758829
Portman	NBC/WSJ/Marist:Registered Voters	 0.015502427	-0.007327824	 0.0378835016	0.01154798
Portman	PPP (D-Americans United for Change/Constitutional Responsibility Project) :Likely Voters	-0.022812060	-0.051065287	 0.0059468317	0.01461193
Portman	PPP (D-MoveOn):Likely Voters	 0.017357808	-0.011171090	 0.0459448315	0.01468105
Portman	PPP (D):Likely Voters	-0.004881024	-0.021538301	 0.0119349154	0.00856348
Portman	PPP (D):Registered Voters	-0.032599111	-0.061496457	-0.0023393683	0.01496119
Portman	Quinnipiac:Likely Voters	 0.030768582	 0.002044936	 0.0592497280	0.01454171
Portman	Quinnipiac:Registered Voters	-0.010323020	-0.023819878	 0.0033063702	0.00693927
Portman	Suffolk:Likely Voters	-0.038852640	-0.069743344	-0.0071758824	0.01585989
Portman	Vox Populi (R):Likely Voters	 0.023574237	-0.008636789	 0.0557003663	0.01634901
Strickland	Baldwin Wallace University:Likely Voters	-0.013302973	-0.041811668	 0.0152292384	0.01461635
Strickland	CBS/YouGov:Likely Voters	 0.001414376	-0.020010550	 0.0229534080	0.01092021
Strickland	GQR (D-Democracy Corps/Women's Voices Women Vote):Likely Voters	 0.013262630	-0.022396614	 0.0484901865	0.01811742
Strickland	GQR (D)/Democracy Corps/WVWV/Voter Participation Center:Likely Voters	 0.017701592	-0.018225975	 0.0533086193	0.01821821
Strickland	Harstad (D-Senate Majority PAC):Likely Voters	 0.016119760	-0.014008513	 0.0460805863	0.01528939
Strickland	Monmouth University:Likely Voters	 0.004689854	-0.028768236	 0.0388069926	0.01733794
Strickland	NBC/WSJ/Marist:Registered Voters	 0.033028323	 0.010557673	 0.0555213711	0.01142494
Strickland	PPP (D-Americans United for Change/Constitutional Responsibility Project) :Likely Voters	-0.005503547	-0.034105021	 0.0234764032	0.01474665
Strickland	PPP (D-MoveOn):Likely Voters	 0.011669694	-0.017182496	 0.0407854909	0.01479699
Strickland	PPP (D):Likely Voters	-0.011779599	-0.028753275	 0.0049363162	0.00858348
Strickland	PPP (D):Registered Voters	-0.018890228	-0.047706322	 0.0102230101	0.01481610
Strickland	Quinnipiac:Likely Voters	 0.004849603	-0.023386292	 0.0335705493	0.01458894
Strickland	Quinnipiac:Registered Voters	 0.018526915	 0.004984288	 0.0321364043	0.00688566
Strickland	Suffolk:Likely Voters	-0.036545176	-0.067491506	-0.0053972873	0.01586894
Strickland	Vox Populi (R):Likely Voters	-0.035241225	-0.067689343	-0.0033702562	0.01642553
Other	Baldwin Wallace University:Likely Voters	 0.002778239	-0.045437559	 0.0501904692	0.02440534
Other	CBS/YouGov:Likely Voters	 0.009978566	-0.007104909	 0.0272929571	0.00936884
Other	GQR (D-Democracy Corps/Women's Voices Women Vote):Likely Voters	-0.008622525	-0.029027072	 0.0120639400	0.01061463
Other	GQR (D)/Democracy Corps/WVWV/Voter Participation Center:Likely Voters	 0.003087777	-0.045490917	 0.0520539941	0.02473643
Other	Harstad (D-Senate Majority PAC):Likely Voters	 0.002844465	-0.045181324	 0.0506227116	0.02447929
Other	Monmouth University:Likely Voters	 0.009367563	-0.012378703	 0.0312239122	0.01116918
Other	NBC/WSJ/Marist:Registered Voters	-0.016278128	-0.032342577	 0.0001281797	0.00903591
Other	PPP (D-Americans United for Change/Constitutional Responsibility Project) :Likely Voters	 0.003418868	-0.045119079	 0.0519884493	0.02468968
Other	PPP (D-MoveOn):Likely Voters	 0.003105290	-0.045232724	 0.0512498889	0.02431538
Other	PPP (D):Likely Voters	 0.003545384	-0.044363061	 0.0513607390	0.02447177
Other	PPP (D):Registered Voters	 0.003269041	-0.044472941	 0.0523876445	0.02477001
Other	Quinnipiac:Likely Voters	-0.019308584	-0.036125260	-0.0025926929	0.00925143
Other	Quinnipiac:Registered Voters	-0.026283407	-0.043618332	-0.0090758842	0.01037112
Other	Suffolk:Likely Voters	 0.025948745	 0.003429077	 0.0484294918	0.01158777
Other	Vox Populi (R):Likely Voters	 0.003148706	-0.044991186	 0.0510277086	0.02450578
Undecided	Baldwin Wallace University:Likely Voters	 0.003570944	-0.021140376	 0.0283161240	0.01276261
Undecided	CBS/YouGov:Likely Voters	-0.013256918	-0.030642793	 0.0047611725	0.00904202
Undecided	GQR (D-Democracy Corps/Women's Voices Women Vote):Likely Voters	-0.004103611	-0.035233169	 0.0256091035	0.01560726
Undecided	GQR (D)/Democracy Corps/WVWV/Voter Participation Center:Likely Voters	-0.000653671	-0.046736731	 0.0469341012	0.02406568
Undecided	Harstad (D-Senate Majority PAC):Likely Voters	-0.000821031	-0.048089366	 0.0462959304	0.02419362
Undecided	Monmouth University:Likely Voters	-0.036030884	-0.062678959	-0.0095588351	0.01349194
Undecided	NBC/WSJ/Marist:Registered Voters	-0.048924217	-0.065084332	-0.0325677342	0.00834970
Undecided	PPP (D-Americans United for Change/Constitutional Responsibility Project) :Likely Voters	 0.039354068	 0.011870869	 0.0661228722	0.01371260
Undecided	PPP (D-MoveOn):Likely Voters	-0.030182714	-0.054547541	-0.0063315061	0.01235719
Undecided	PPP (D):Likely Voters	 0.016406984	 0.001586137	 0.0315462206	0.00767376
Undecided	PPP (D):Registered Voters	 0.045340561	 0.018170576	 0.0723982734	0.01393031
Undecided	Quinnipiac:Likely Voters	-0.031977225	-0.053824417	-0.0102378800	0.01119820
Undecided	Quinnipiac:Registered Voters	-0.012310260	-0.025308455	 0.0000964431	0.00645403
Undecided	Suffolk:Likely Voters	 0.059923641	 0.029687576	 0.0895011166	0.01511303
Undecided	Vox Populi (R):Likely Voters	 0.013664333	-0.014898573	 0.0417836157	0.01444077
Strickland minus Portman	Baldwin Wallace University:Likely Voters	-0.013972939	-0.053133979	 0.0275175170	0.02053784
Strickland minus Portman	CBS/YouGov:Likely Voters	 0.006338395	-0.031952338	 0.0975130354	0.02736497
Strickland minus Portman	GQR (D-Democracy Corps/Women's Voices Women Vote):Likely Voters	-0.011603695	-0.148836454	 0.0503332760	0.04377939
Strickland minus Portman	GQR (D)/Democracy Corps/WVWV/Voter Participation Center:Likely Voters	-0.016832774	-0.122252821	 0.0346735314	0.03409570
Strickland minus Portman	Harstad (D-Senate Majority PAC):Likely Voters	 0.007605319	-0.033227242	 0.0516888885	0.02156906
Strickland minus Portman	Monmouth University:Likely Voters	-0.028969250	-0.151879458	 0.0315780179	0.04189899
Strickland minus Portman	NBC/WSJ/Marist:Registered Voters	 0.009323268	-0.029365632	 0.0670071169	0.02294949
Strickland minus Portman	PPP (D-Americans United for Change/Constitutional Responsibility Project) :Likely Voters	-0.003208377	-0.056068300	 0.0427321167	0.02501872
Strickland minus Portman	PPP (D-MoveOn):Likely Voters	-0.015015558	-0.066489393	 0.0309917119	0.02470436
Strickland minus Portman	PPP (D):Likely Voters	 0.054709838	-0.034260431	 0.2571038941	0.07640742
Strickland minus Portman	PPP (D):Registered Voters	 0.003261095	-0.035712043	 0.0418338805	0.01972991
Strickland minus Portman	Quinnipiac:Likely Voters	-0.028744406	-0.090271001	 0.0199189234	0.02737686
Strickland minus Portman	Quinnipiac:Registered Voters	 0.082449163	-0.009009544	 0.3762579203	0.08858042
Strickland minus Portman	Suffolk:Likely Voters	-0.015165854	-0.094245726	 0.0363372374	0.03134959
Strickland minus Portman	Vox Populi (R):Likely Voters	-0.030174224	-0.105923445	 0.0148765105	0.02783098
Toomey	Franklin and Marshall College:Likely Voters	-0.021085587	-0.053748009	 0.0116109168	0.01679761
Toomey	Franklin and Marshall College:Registered Voters	-0.052785971	-0.084309073	-0.0220264734	0.01588579
Toomey	GQR (D-Democracy Corps/Women's Voices Women Vote):Likely Voters	 0.015407223	-0.020055466	 0.0507641228	0.01806050
Toomey	Harper (R):Likely Voters	 0.026555244	-0.004374798	 0.0568713357	0.01557054
Toomey	Mercyhurst University:Registered Voters	 0.023798536	-0.009964022	 0.0567858690	0.01699088
Toomey	NBC/WSJ/Marist:Registered Voters	 0.012163109	-0.010281792	 0.0347544280	0.01132165
Toomey	PPP (D-Americans United for Change/Constitutional Responsibility Project) :Likely Voters	-0.018537253	-0.045361792	 0.0082909667	0.01367547
Toomey	PPP (D-MoveOn):Likely Voters	 0.016827419	-0.009728830	 0.0436573296	0.01361869
Toomey	PPP (D):Likely Voters	-0.011273439	-0.028033582	 0.0055121093	0.00852830
Toomey	Quinnipiac:Likely Voters	 0.011413679	-0.016459287	 0.0391030811	0.01415580
Toomey	Quinnipiac:Registered Voters	 0.048602974	 0.033530673	 0.0635672550	0.00762398
Toomey	Suffolk:Likely Voters	-0.035745610	-0.066687453	-0.0051601844	0.01568187
Toomey	Susquehanna (R)/ABC27 News:Likely Voters	-0.015340326	-0.043583407	 0.0125563298	0.01435551
McGinty	Franklin and Marshall College:Likely Voters	-0.013819573	-0.047137049	 0.0194435467	0.01702531
McGinty	Franklin and Marshall College:Registered Voters	-0.034145721	-0.064509520	-0.0033766777	0.01552307
McGinty	GQR (D-Democracy Corps/Women's Voices Women Vote):Likely Voters	-0.010469135	-0.045631128	 0.0248433832	0.01806467
McGinty	Harper (R):Likely Voters	 0.003686649	-0.025911008	 0.0333797696	0.01527616
McGinty	Mercyhurst University:Registered Voters	-0.021477656	-0.055318161	 0.0122398011	0.01739822
McGinty	NBC/WSJ/Marist:Registered Voters	 0.047936187	 0.025251075	 0.0707825512	0.01159734
McGinty	PPP (D-Americans United for Change/Constitutional Responsibility Project) :Likely Voters	-0.011598337	-0.038082125	 0.0154916396	0.01385415
McGinty	PPP (D-MoveOn):Likely Voters	 0.011762002	-0.014975196	 0.0384474099	0.01363959
McGinty	PPP (D):Likely Voters	-0.004749917	-0.021768744	 0.0120986002	0.00860543
McGinty	Quinnipiac:Likely Voters	 0.034084023	 0.005494074	 0.0623431362	0.01445879
McGinty	Quinnipiac:Registered Voters	-0.009444154	-0.025545901	 0.0061194736	0.00802175
McGinty	Suffolk:Likely Voters	 0.007688386	-0.024359608	 0.0399028429	0.01620856
McGinty	Susquehanna (R)/ABC27 News:Likely Voters	 0.000547246	-0.028085340	 0.0288527884	0.01462723
Other	Franklin and Marshall College:Likely Voters	-0.002226022	-0.048024445	 0.0440230572	0.02365282
Other	Franklin and Marshall College:Registered Voters	-0.002292293	-0.048786333	 0.0447133249	0.02392317
Other	GQR (D-Democracy Corps/Women's Voices Women Vote):Likely Voters	-0.003343843	-0.022081403	 0.0138992176	0.00914146
Other	Harper (R):Likely Voters	-0.002143067	-0.048910203	 0.0450548159	0.02390599
Other	Mercyhurst University:Registered Voters	-0.005240681	-0.026708506	 0.0136728827	0.01030806
Other	NBC/WSJ/Marist:Registered Voters	 0.010710771	-0.005194131	 0.0264536339	0.00853474
Other	PPP (D-Americans United for Change/Constitutional Responsibility Project) :Likely Voters	-0.002160194	-0.049648100	 0.0443408904	0.02415058
Other	PPP (D-MoveOn):Likely Voters	-0.002500795	-0.048284250	 0.0449002205	0.02386371
Other	PPP (D):Likely Voters	-0.002151684	-0.049539499	 0.0437518088	0.02385309
Other	Quinnipiac:Likely Voters	-0.000698706	-0.016536871	 0.0151814573	0.00897210
Other	Quinnipiac:Registered Voters	 0.006694551	-0.007823387	 0.0198888983	0.00713399
Other	Suffolk:Likely Voters	 0.007942169	-0.009408347	 0.0252471998	0.00931098
Other	Susquehanna (R)/ABC27 News:Likely Voters	-0.002590205	-0.050440766	 0.0444167869	0.02395454
Undecided	Franklin and Marshall College:Likely Voters	 0.045034489	 0.015231245	 0.0756974086	0.01552987
Undecided	Franklin and Marshall College:Registered Voters	 0.093642636	 0.062886603	 0.1250759893	0.01591671
Undecided	GQR (D-Democracy Corps/Women's Voices Women Vote):Likely Voters	-0.002522983	-0.031917723	 0.0277592827	0.01530311
Undecided	Harper (R):Likely Voters	-0.025756995	-0.053345648	 0.0011133670	0.01396775
Undecided	Mercyhurst University:Registered Voters	-0.002654007	-0.033898731	 0.0283049646	0.01585588
Undecided	NBC/WSJ/Marist:Registered Voters	-0.076014463	-0.091245476	-0.0605674454	0.00775894
Undecided	PPP (D-Americans United for Change/Constitutional Responsibility Project) :Likely Voters	 0.040842204	 0.017174988	 0.0644910475	0.01208324
Undecided	PPP (D-MoveOn):Likely Voters	-0.031995433	-0.052726992	-0.0108234084	0.01078865
Undecided	PPP (D):Likely Voters	 0.019201138	 0.004939370	 0.0337772972	0.00732994
Undecided	Quinnipiac:Likely Voters	-0.053100708	-0.073377594	-0.0330140956	0.01029378
Undecided	Quinnipiac:Registered Voters	-0.058147618	-0.070316244	-0.0459552629	0.00617184
Undecided	Suffolk:Likely Voters	 0.029907887	 0.001524441	 0.0579401982	0.01432892
Undecided	Susquehanna (R)/ABC27 News:Likely Voters	 0.021563851	-0.002528306	 0.0459012150	0.01229206
McGinty minus Toomey	Franklin and Marshall College:Likely Voters	-0.002647702	-0.044924385	 0.0389147447	0.02128768
McGinty minus Toomey	Franklin and Marshall College:Registered Voters	 0.018644417	-0.020301649	 0.0576028615	0.02007870
McGinty minus Toomey	GQR (D-Democracy Corps/Women's Voices Women Vote):Likely Voters	-0.016127132	-0.058386377	 0.0264400787	0.02194018
McGinty minus Toomey	Harper (R):Likely Voters	-0.009175851	-0.048350505	 0.0296826167	0.01994543
McGinty minus Toomey	Mercyhurst University:Registered Voters	-0.020516075	-0.060880179	 0.0212427817	0.02110297
McGinty minus Toomey	NBC/WSJ/Marist:Registered Voters	 0.020315978	-0.013354493	 0.0534945557	0.01708081
McGinty minus Toomey	PPP (D-Americans United for Change/Constitutional Responsibility Project) :Likely Voters	 0.002054166	-0.034439912	 0.0378312713	0.01854598
McGinty minus Toomey	PPP (D-MoveOn):Likely Voters	-0.004419165	-0.041022783	 0.0321188030	0.01876108
McGinty minus Toomey	PPP (D):Likely Voters	 0.019889147	-0.010320370	 0.0558866955	0.01680891
McGinty minus Toomey	Quinnipiac:Likely Voters	 0.006797538	-0.032202173	 0.0452234490	0.01978187
McGinty minus Toomey	Quinnipiac:Registered Voters	-0.034429582	-0.061222660	-0.0043385762	0.01444396
McGinty minus Toomey	Suffolk:Likely Voters	 0.015865018	-0.024480307	 0.0559331786	0.02069221
McGinty minus Toomey	Susquehanna (R)/ABC27 News:Likely Voters	 0.003749242	-0.034351137	 0.0417868997	0.01942075
Johnson	Emerson College Polling Society:Likely Voters	 0.023282457	-0.000886642	 0.0472882170	0.01227692
Johnson	GQR (D-Democracy Corps/Women's Voices Women Vote):Likely Voters	 0.021053155	-0.014048538	 0.0563043460	0.01799147
Johnson	GQR (D)/Democracy Corps/WVWV/Voter Participation Center:Likely Voters	 0.026122660	-0.008499602	 0.0594292122	0.01726832
Johnson	Loras College:Likely Voters	-0.013778336	-0.038353577	 0.0111982261	0.01270377
Johnson	Marquette Law School:Likely Voters	 0.019678947	 0.000450757	 0.0393594361	0.01004781
Johnson	Marquette Law School:Registered Voters	-0.031750082	-0.047380646	-0.0157045780	0.00815469
Johnson	PPP (D-Americans United for Change/Constitutional Responsibility Project) :Likely Voters	-0.024788148	-0.051719311	 0.0021768403	0.01363553
Johnson	PPP (D-MoveOn):Likely Voters	 0.002386042	-0.024304657	 0.0287674042	0.01357950
Johnson	PPP (D-VoteVets Action Fund):Likely Voters	-0.015487604	-0.037937820	 0.0071314862	0.01152092
Johnson	PPP (D):Likely Voters	-0.002589124	-0.030938473	 0.0242544250	0.01414948
Johnson	St Norbert/WPR/WPTV:Registered Voters	-0.004129966	-0.027520901	 0.0198641277	0.01205247
Feingold	Emerson College Polling Society:Likely Voters	-0.003096059	-0.028618735	 0.0230192018	0.01300307
Feingold	GQR (D-Democracy Corps/Women's Voices Women Vote):Likely Voters	-0.015991492	-0.051212122	 0.0194944906	0.01801458
Feingold	GQR (D)/Democracy Corps/WVWV/Voter Participation Center:Likely Voters	 0.010489947	-0.023353669	 0.0445093407	0.01737416
Feingold	Loras College:Likely Voters	-0.002309972	-0.028269473	 0.0244375834	0.01340152
Feingold	Marquette Law School:Likely Voters	 0.002564577	-0.017428881	 0.0223301825	0.01016608
Feingold	Marquette Law School:Registered Voters	 0.008208242	-0.010840219	 0.0271321349	0.00976414
Feingold	PPP (D-Americans United for Change/Constitutional Responsibility Project) :Likely Voters	 0.001936363	-0.027045978	 0.0308300894	0.01467605
Feingold	PPP (D-MoveOn):Likely Voters	 0.009210098	-0.018929283	 0.0376291949	0.01447636
Feingold	PPP (D-VoteVets Action Fund):Likely Voters	-0.018177669	-0.042339936	 0.0058676777	0.01239397
Feingold	PPP (D):Likely Voters	-0.009076576	-0.041587235	 0.0224745369	0.01641681
Feingold	St Norbert/WPR/WPTV:Registered Voters	 0.016242541	-0.008140906	 0.0410593961	0.01256115
Other	Emerson College Polling Society:Likely Voters	 0.044773763	 0.013230557	 0.0692455008	0.01450457
Other	GQR (D-Democracy Corps/Women's Voices Women Vote):Likely Voters	-0.005204138	-0.019090433	 0.0113805071	0.00785175
Other	GQR (D)/Democracy Corps/WVWV/Voter Participation Center:Likely Voters	-0.002264414	-0.047566351	 0.0441970046	0.02356097
Other	Loras College:Likely Voters	-0.020961881	-0.053574288	 0.0012524819	0.01464140
Other	Marquette Law School:Likely Voters	-0.005204139	-0.019083734	 0.0113974379	0.00785176
Other	Marquette Law School:Registered Voters	 0.002459477	-0.052335657	 0.0311635315	0.02321260
Other	PPP (D-Americans United for Change/Constitutional Responsibility Project) :Likely Voters	-0.002634646	-0.049156337	 0.0438553008	0.02385397
Other	PPP (D-MoveOn):Likely Voters	-0.002958695	-0.049569313	 0.0439836359	0.02407925
Other	PPP (D-VoteVets Action Fund):Likely Voters	-0.002629066	-0.049754829	 0.0444412702	0.02410990
Other	PPP (D):Likely Voters	-0.002783110	-0.049764269	 0.0451719616	0.02418631
Other	St Norbert/WPR/WPTV:Registered Voters	-0.002593151	-0.048675850	 0.0428856605	0.02370685
Undecided	Emerson College Polling Society:Likely Voters	 0.004355496	-0.042550184	 0.0508047341	0.02389263
Undecided	GQR (D-Democracy Corps/Women's Voices Women Vote):Likely Voters	-0.001652770	-0.028262022	 0.0250635657	0.01359400
Undecided	GQR (D)/Democracy Corps/WVWV/Voter Participation Center:Likely Voters	 0.004260025	-0.042899074	 0.0517071166	0.02425358
Undecided	Loras College:Likely Voters	 0.019100983	-0.000954171	 0.0388754170	0.01026784
Undecided	Marquette Law School:Likely Voters	-0.045451347	-0.058946760	-0.0320584721	0.00691153
Undecided	Marquette Law School:Registered Voters	-0.020888952	-0.039384888	-0.0059395703	0.00835195
Undecided	PPP (D-Americans United for Change/Constitutional Responsibility Project) :Likely Voters	 0.029779478	 0.007536297	 0.0522895841	0.01138977
Undecided	PPP (D-MoveOn):Likely Voters	-0.012118028	-0.031517650	 0.0076261749	0.00996096
Undecided	PPP (D-VoteVets Action Fund):Likely Voters	 0.045599223	 0.026203256	 0.0651792283	0.00984219
Undecided	PPP (D):Likely Voters	 0.005362257	-0.019769567	 0.0292444807	0.01247216
Undecided	St Norbert/WPR/WPTV:Registered Voters	-0.028346365	-0.045454275	-0.0117018847	0.00867354
Feingold minus Johnson	Emerson College Polling Society:Likely Voters	-0.018499548	-0.052532025	 0.0166777487	0.01780992
Feingold minus Johnson	GQR (D-Democracy Corps/Women's Voices Women Vote):Likely Voters	-0.014342171	-0.056530965	 0.0276877097	0.02161078
Feingold minus Johnson	GQR (D)/Democracy Corps/WVWV/Voter Participation Center:Likely Voters	-0.008998598	-0.049953521	 0.0319627332	0.02089392
Feingold minus Johnson	Loras College:Likely Voters	 0.003474272	-0.031738391	 0.0394617503	0.01827976
Feingold minus Johnson	Marquette Law School:Likely Voters	-0.011235432	-0.040335096	 0.0176527366	0.01481787
Feingold minus Johnson	Marquette Law School:Registered Voters	 0.027733098	 0.002092512	 0.0529122300	0.01306413
Feingold minus Johnson	PPP (D-Americans United for Change/Constitutional Responsibility Project) :Likely Voters	 0.016438072	-0.020609570	 0.0536909932	0.01923334
Feingold minus Johnson	PPP (D-MoveOn):Likely Voters	 0.005194833	-0.032994482	 0.0426927342	0.01928492
Feingold minus Johnson	PPP (D-VoteVets Action Fund):Likely Voters	-0.005167700	-0.038369893	 0.0278583634	0.01703651
Feingold minus Johnson	PPP (D):Likely Voters	-0.003782740	-0.041598474	 0.0332765960	0.01912006
Feingold minus Johnson	St Norbert/WPR/WPTV:Registered Voters	 0.009185913	-0.025698964	 0.0437700360	0.01771519
